--
-- PostgreSQL database dump
--

-- Dumped from database version 17.4 (Debian 17.4-1.pgdg120+2)
-- Dumped by pg_dump version 17.2

-- Started on 2025-04-05 21:20:23

SET statement_timeout = 0;
SET lock_timeout = 0;
SET idle_in_transaction_session_timeout = 0;
SET transaction_timeout = 0;
SET client_encoding = 'UTF8';
SET standard_conforming_strings = on;
SELECT pg_catalog.set_config('search_path', '', false);
SET check_function_bodies = false;
SET xmloption = content;
SET client_min_messages = warning;
SET row_security = off;

SET default_tablespace = '';

SET default_table_access_method = heap;

--
-- TOC entry 217 (class 1259 OID 16385)
-- Name: admin; Type: TABLE; Schema: public; Owner: mateusz
--

CREATE TABLE public.admin (
    id_admin integer NOT NULL,
    imie character varying(50) DEFAULT 'anonymous'::character varying NOT NULL,
    nazwisko character varying(50) DEFAULT 'unknown'::character varying NOT NULL,
    email character varying(50) DEFAULT 'example@example.com'::character varying NOT NULL,
    password character varying(255) NOT NULL
);


ALTER TABLE public.admin OWNER TO mateusz;

--
-- TOC entry 218 (class 1259 OID 16391)
-- Name: admin_id_admin_seq; Type: SEQUENCE; Schema: public; Owner: mateusz
--

CREATE SEQUENCE public.admin_id_admin_seq
    AS integer
    START WITH 1
    INCREMENT BY 1
    NO MINVALUE
    NO MAXVALUE
    CACHE 1;


ALTER SEQUENCE public.admin_id_admin_seq OWNER TO mateusz;

--
-- TOC entry 3573 (class 0 OID 0)
-- Dependencies: 218
-- Name: admin_id_admin_seq; Type: SEQUENCE OWNED BY; Schema: public; Owner: mateusz
--

ALTER SEQUENCE public.admin_id_admin_seq OWNED BY public.admin.id_admin;


--
-- TOC entry 219 (class 1259 OID 16392)
-- Name: auta; Type: TABLE; Schema: public; Owner: mateusz
--

CREATE TABLE public.auta (
    id_auta integer NOT NULL,
    marka character varying(100) DEFAULT 'unknown'::character varying NOT NULL,
    model character varying(100) DEFAULT 'unknown'::character varying NOT NULL,
    rocznik integer NOT NULL,
    opis character varying(1000),
    osiagi character varying(1000)
);


ALTER TABLE public.auta OWNER TO mateusz;

--
-- TOC entry 220 (class 1259 OID 16399)
-- Name: auta_id_auta_seq; Type: SEQUENCE; Schema: public; Owner: mateusz
--

CREATE SEQUENCE public.auta_id_auta_seq
    AS integer
    START WITH 1
    INCREMENT BY 1
    NO MINVALUE
    NO MAXVALUE
    CACHE 1;


ALTER SEQUENCE public.auta_id_auta_seq OWNER TO mateusz;

--
-- TOC entry 3574 (class 0 OID 0)
-- Dependencies: 220
-- Name: auta_id_auta_seq; Type: SEQUENCE OWNED BY; Schema: public; Owner: mateusz
--

ALTER SEQUENCE public.auta_id_auta_seq OWNED BY public.auta.id_auta;


--
-- TOC entry 249 (class 1259 OID 16618)
-- Name: auta_zdj; Type: TABLE; Schema: public; Owner: mateusz
--

CREATE TABLE public.auta_zdj (
    id_zdj integer NOT NULL,
    id_auta integer NOT NULL,
    zdj character varying(255) NOT NULL,
    kolejnosc integer DEFAULT 1,
    created_at timestamp without time zone DEFAULT CURRENT_TIMESTAMP
);


ALTER TABLE public.auta_zdj OWNER TO mateusz;

--
-- TOC entry 248 (class 1259 OID 16617)
-- Name: auta_zdj_id_zdj_seq; Type: SEQUENCE; Schema: public; Owner: mateusz
--

CREATE SEQUENCE public.auta_zdj_id_zdj_seq
    AS integer
    START WITH 1
    INCREMENT BY 1
    NO MINVALUE
    NO MAXVALUE
    CACHE 1;


ALTER SEQUENCE public.auta_zdj_id_zdj_seq OWNER TO mateusz;

--
-- TOC entry 3575 (class 0 OID 0)
-- Dependencies: 248
-- Name: auta_zdj_id_zdj_seq; Type: SEQUENCE OWNED BY; Schema: public; Owner: mateusz
--

ALTER SEQUENCE public.auta_zdj_id_zdj_seq OWNED BY public.auta_zdj.id_zdj;


--
-- TOC entry 221 (class 1259 OID 16400)
-- Name: auth_group; Type: TABLE; Schema: public; Owner: mateusz
--

CREATE TABLE public.auth_group (
    id integer NOT NULL,
    name character varying(150) NOT NULL
);


ALTER TABLE public.auth_group OWNER TO mateusz;

--
-- TOC entry 222 (class 1259 OID 16403)
-- Name: auth_group_id_seq; Type: SEQUENCE; Schema: public; Owner: mateusz
--

ALTER TABLE public.auth_group ALTER COLUMN id ADD GENERATED BY DEFAULT AS IDENTITY (
    SEQUENCE NAME public.auth_group_id_seq
    START WITH 1
    INCREMENT BY 1
    NO MINVALUE
    NO MAXVALUE
    CACHE 1
);


--
-- TOC entry 223 (class 1259 OID 16404)
-- Name: auth_group_permissions; Type: TABLE; Schema: public; Owner: mateusz
--

CREATE TABLE public.auth_group_permissions (
    id bigint NOT NULL,
    group_id integer NOT NULL,
    permission_id integer NOT NULL
);


ALTER TABLE public.auth_group_permissions OWNER TO mateusz;

--
-- TOC entry 224 (class 1259 OID 16407)
-- Name: auth_group_permissions_id_seq; Type: SEQUENCE; Schema: public; Owner: mateusz
--

ALTER TABLE public.auth_group_permissions ALTER COLUMN id ADD GENERATED BY DEFAULT AS IDENTITY (
    SEQUENCE NAME public.auth_group_permissions_id_seq
    START WITH 1
    INCREMENT BY 1
    NO MINVALUE
    NO MAXVALUE
    CACHE 1
);


--
-- TOC entry 225 (class 1259 OID 16408)
-- Name: auth_permission; Type: TABLE; Schema: public; Owner: mateusz
--

CREATE TABLE public.auth_permission (
    id integer NOT NULL,
    name character varying(255) NOT NULL,
    content_type_id integer NOT NULL,
    codename character varying(100) NOT NULL
);


ALTER TABLE public.auth_permission OWNER TO mateusz;

--
-- TOC entry 226 (class 1259 OID 16411)
-- Name: auth_permission_id_seq; Type: SEQUENCE; Schema: public; Owner: mateusz
--

ALTER TABLE public.auth_permission ALTER COLUMN id ADD GENERATED BY DEFAULT AS IDENTITY (
    SEQUENCE NAME public.auth_permission_id_seq
    START WITH 1
    INCREMENT BY 1
    NO MINVALUE
    NO MAXVALUE
    CACHE 1
);


--
-- TOC entry 227 (class 1259 OID 16412)
-- Name: auth_user; Type: TABLE; Schema: public; Owner: mateusz
--

CREATE TABLE public.auth_user (
    id integer NOT NULL,
    password character varying(128) NOT NULL,
    last_login timestamp with time zone,
    is_superuser boolean NOT NULL,
    username character varying(150) NOT NULL,
    first_name character varying(150) NOT NULL,
    last_name character varying(150) NOT NULL,
    email character varying(254) NOT NULL,
    is_staff boolean NOT NULL,
    is_active boolean NOT NULL,
    date_joined timestamp with time zone NOT NULL
);


ALTER TABLE public.auth_user OWNER TO mateusz;

--
-- TOC entry 228 (class 1259 OID 16417)
-- Name: auth_user_groups; Type: TABLE; Schema: public; Owner: mateusz
--

CREATE TABLE public.auth_user_groups (
    id bigint NOT NULL,
    user_id integer NOT NULL,
    group_id integer NOT NULL
);


ALTER TABLE public.auth_user_groups OWNER TO mateusz;

--
-- TOC entry 229 (class 1259 OID 16420)
-- Name: auth_user_groups_id_seq; Type: SEQUENCE; Schema: public; Owner: mateusz
--

ALTER TABLE public.auth_user_groups ALTER COLUMN id ADD GENERATED BY DEFAULT AS IDENTITY (
    SEQUENCE NAME public.auth_user_groups_id_seq
    START WITH 1
    INCREMENT BY 1
    NO MINVALUE
    NO MAXVALUE
    CACHE 1
);


--
-- TOC entry 230 (class 1259 OID 16421)
-- Name: auth_user_id_seq; Type: SEQUENCE; Schema: public; Owner: mateusz
--

ALTER TABLE public.auth_user ALTER COLUMN id ADD GENERATED BY DEFAULT AS IDENTITY (
    SEQUENCE NAME public.auth_user_id_seq
    START WITH 1
    INCREMENT BY 1
    NO MINVALUE
    NO MAXVALUE
    CACHE 1
);


--
-- TOC entry 231 (class 1259 OID 16422)
-- Name: auth_user_user_permissions; Type: TABLE; Schema: public; Owner: mateusz
--

CREATE TABLE public.auth_user_user_permissions (
    id bigint NOT NULL,
    user_id integer NOT NULL,
    permission_id integer NOT NULL
);


ALTER TABLE public.auth_user_user_permissions OWNER TO mateusz;

--
-- TOC entry 232 (class 1259 OID 16425)
-- Name: auth_user_user_permissions_id_seq; Type: SEQUENCE; Schema: public; Owner: mateusz
--

ALTER TABLE public.auth_user_user_permissions ALTER COLUMN id ADD GENERATED BY DEFAULT AS IDENTITY (
    SEQUENCE NAME public.auth_user_user_permissions_id_seq
    START WITH 1
    INCREMENT BY 1
    NO MINVALUE
    NO MAXVALUE
    CACHE 1
);


--
-- TOC entry 233 (class 1259 OID 16426)
-- Name: czarna_lista; Type: TABLE; Schema: public; Owner: mateusz
--

CREATE TABLE public.czarna_lista (
    id_bl integer NOT NULL,
    id_user integer NOT NULL,
    powod character varying(50) DEFAULT 'unknown'::character varying NOT NULL,
    data_poczatkowa date NOT NULL,
    data_koncowa date NOT NULL,
    id_admin integer NOT NULL
);


ALTER TABLE public.czarna_lista OWNER TO mateusz;

--
-- TOC entry 234 (class 1259 OID 16430)
-- Name: czarna_lista_id_bl_seq; Type: SEQUENCE; Schema: public; Owner: mateusz
--

CREATE SEQUENCE public.czarna_lista_id_bl_seq
    AS integer
    START WITH 1
    INCREMENT BY 1
    NO MINVALUE
    NO MAXVALUE
    CACHE 1;


ALTER SEQUENCE public.czarna_lista_id_bl_seq OWNER TO mateusz;

--
-- TOC entry 3576 (class 0 OID 0)
-- Dependencies: 234
-- Name: czarna_lista_id_bl_seq; Type: SEQUENCE OWNED BY; Schema: public; Owner: mateusz
--

ALTER SEQUENCE public.czarna_lista_id_bl_seq OWNED BY public.czarna_lista.id_bl;


--
-- TOC entry 235 (class 1259 OID 16431)
-- Name: django_admin_log; Type: TABLE; Schema: public; Owner: mateusz
--

CREATE TABLE public.django_admin_log (
    id integer NOT NULL,
    action_time timestamp with time zone NOT NULL,
    object_id text,
    object_repr character varying(200) NOT NULL,
    action_flag smallint NOT NULL,
    change_message text NOT NULL,
    content_type_id integer,
    user_id integer NOT NULL,
    CONSTRAINT django_admin_log_action_flag_check CHECK ((action_flag >= 0))
);


ALTER TABLE public.django_admin_log OWNER TO mateusz;

--
-- TOC entry 236 (class 1259 OID 16437)
-- Name: django_admin_log_id_seq; Type: SEQUENCE; Schema: public; Owner: mateusz
--

ALTER TABLE public.django_admin_log ALTER COLUMN id ADD GENERATED BY DEFAULT AS IDENTITY (
    SEQUENCE NAME public.django_admin_log_id_seq
    START WITH 1
    INCREMENT BY 1
    NO MINVALUE
    NO MAXVALUE
    CACHE 1
);


--
-- TOC entry 237 (class 1259 OID 16438)
-- Name: django_content_type; Type: TABLE; Schema: public; Owner: mateusz
--

CREATE TABLE public.django_content_type (
    id integer NOT NULL,
    app_label character varying(100) NOT NULL,
    model character varying(100) NOT NULL
);


ALTER TABLE public.django_content_type OWNER TO mateusz;

--
-- TOC entry 238 (class 1259 OID 16441)
-- Name: django_content_type_id_seq; Type: SEQUENCE; Schema: public; Owner: mateusz
--

ALTER TABLE public.django_content_type ALTER COLUMN id ADD GENERATED BY DEFAULT AS IDENTITY (
    SEQUENCE NAME public.django_content_type_id_seq
    START WITH 1
    INCREMENT BY 1
    NO MINVALUE
    NO MAXVALUE
    CACHE 1
);


--
-- TOC entry 239 (class 1259 OID 16442)
-- Name: django_migrations; Type: TABLE; Schema: public; Owner: mateusz
--

CREATE TABLE public.django_migrations (
    id bigint NOT NULL,
    app character varying(255) NOT NULL,
    name character varying(255) NOT NULL,
    applied timestamp with time zone NOT NULL
);


ALTER TABLE public.django_migrations OWNER TO mateusz;

--
-- TOC entry 240 (class 1259 OID 16447)
-- Name: django_migrations_id_seq; Type: SEQUENCE; Schema: public; Owner: mateusz
--

ALTER TABLE public.django_migrations ALTER COLUMN id ADD GENERATED BY DEFAULT AS IDENTITY (
    SEQUENCE NAME public.django_migrations_id_seq
    START WITH 1
    INCREMENT BY 1
    NO MINVALUE
    NO MAXVALUE
    CACHE 1
);


--
-- TOC entry 241 (class 1259 OID 16448)
-- Name: django_session; Type: TABLE; Schema: public; Owner: mateusz
--

CREATE TABLE public.django_session (
    session_key character varying(40) NOT NULL,
    session_data text NOT NULL,
    expire_date timestamp with time zone NOT NULL
);


ALTER TABLE public.django_session OWNER TO mateusz;

--
-- TOC entry 242 (class 1259 OID 16453)
-- Name: miasta; Type: TABLE; Schema: public; Owner: mateusz
--

CREATE TABLE public.miasta (
    id_zamieszkania integer NOT NULL,
    miasto character varying(100) DEFAULT 'city_name'::character varying NOT NULL,
    ulica character varying(100) DEFAULT 'ulica'::character varying NOT NULL,
    nr_ulicy character varying(5) DEFAULT '1b'::character varying NOT NULL,
    kod_pocztowy character varying(6) DEFAULT '12-345'::character varying NOT NULL
);


ALTER TABLE public.miasta OWNER TO mateusz;

--
-- TOC entry 243 (class 1259 OID 16460)
-- Name: miasta_id_zamieszkania_seq; Type: SEQUENCE; Schema: public; Owner: mateusz
--

CREATE SEQUENCE public.miasta_id_zamieszkania_seq
    AS integer
    START WITH 1
    INCREMENT BY 1
    NO MINVALUE
    NO MAXVALUE
    CACHE 1;


ALTER SEQUENCE public.miasta_id_zamieszkania_seq OWNER TO mateusz;

--
-- TOC entry 3577 (class 0 OID 0)
-- Dependencies: 243
-- Name: miasta_id_zamieszkania_seq; Type: SEQUENCE OWNED BY; Schema: public; Owner: mateusz
--

ALTER SEQUENCE public.miasta_id_zamieszkania_seq OWNED BY public.miasta.id_zamieszkania;


--
-- TOC entry 244 (class 1259 OID 16461)
-- Name: uzytkownicy; Type: TABLE; Schema: public; Owner: mateusz
--

CREATE TABLE public.uzytkownicy (
    id_user integer NOT NULL,
    imie character varying(100) DEFAULT 'unknown'::character varying NOT NULL,
    nazwisko character varying(100) DEFAULT 'unknown'::character varying NOT NULL,
    "PESEL" character(11) DEFAULT '00000000000'::bpchar NOT NULL,
    email character varying(50) DEFAULT 'example@example.com'::character varying NOT NULL,
    haslo character varying(100) NOT NULL,
    id_zamieszkania integer NOT NULL
);


ALTER TABLE public.uzytkownicy OWNER TO mateusz;

--
-- TOC entry 245 (class 1259 OID 16468)
-- Name: uzytkownicy_id_user_seq; Type: SEQUENCE; Schema: public; Owner: mateusz
--

CREATE SEQUENCE public.uzytkownicy_id_user_seq
    AS integer
    START WITH 1
    INCREMENT BY 1
    NO MINVALUE
    NO MAXVALUE
    CACHE 1;


ALTER SEQUENCE public.uzytkownicy_id_user_seq OWNER TO mateusz;

--
-- TOC entry 3578 (class 0 OID 0)
-- Dependencies: 245
-- Name: uzytkownicy_id_user_seq; Type: SEQUENCE OWNED BY; Schema: public; Owner: mateusz
--

ALTER SEQUENCE public.uzytkownicy_id_user_seq OWNED BY public.uzytkownicy.id_user;


--
-- TOC entry 246 (class 1259 OID 16469)
-- Name: wypozyczenie; Type: TABLE; Schema: public; Owner: mateusz
--

CREATE TABLE public.wypozyczenie (
    id_wypozyczenia integer NOT NULL,
    data_poczatkowa date NOT NULL,
    data_koncowa date NOT NULL,
    id_auta integer NOT NULL,
    id_user integer NOT NULL
);


ALTER TABLE public.wypozyczenie OWNER TO mateusz;

--
-- TOC entry 247 (class 1259 OID 16472)
-- Name: wypozyczenie_id_wypozyczenia_seq; Type: SEQUENCE; Schema: public; Owner: mateusz
--

CREATE SEQUENCE public.wypozyczenie_id_wypozyczenia_seq
    AS integer
    START WITH 1
    INCREMENT BY 1
    NO MINVALUE
    NO MAXVALUE
    CACHE 1;


ALTER SEQUENCE public.wypozyczenie_id_wypozyczenia_seq OWNER TO mateusz;

--
-- TOC entry 3579 (class 0 OID 0)
-- Dependencies: 247
-- Name: wypozyczenie_id_wypozyczenia_seq; Type: SEQUENCE OWNED BY; Schema: public; Owner: mateusz
--

ALTER SEQUENCE public.wypozyczenie_id_wypozyczenia_seq OWNED BY public.wypozyczenie.id_wypozyczenia;


--
-- TOC entry 3289 (class 2604 OID 16473)
-- Name: admin id_admin; Type: DEFAULT; Schema: public; Owner: mateusz
--

ALTER TABLE ONLY public.admin ALTER COLUMN id_admin SET DEFAULT nextval('public.admin_id_admin_seq'::regclass);


--
-- TOC entry 3293 (class 2604 OID 16474)
-- Name: auta id_auta; Type: DEFAULT; Schema: public; Owner: mateusz
--

ALTER TABLE ONLY public.auta ALTER COLUMN id_auta SET DEFAULT nextval('public.auta_id_auta_seq'::regclass);


--
-- TOC entry 3309 (class 2604 OID 16621)
-- Name: auta_zdj id_zdj; Type: DEFAULT; Schema: public; Owner: mateusz
--

ALTER TABLE ONLY public.auta_zdj ALTER COLUMN id_zdj SET DEFAULT nextval('public.auta_zdj_id_zdj_seq'::regclass);


--
-- TOC entry 3296 (class 2604 OID 16475)
-- Name: czarna_lista id_bl; Type: DEFAULT; Schema: public; Owner: mateusz
--

ALTER TABLE ONLY public.czarna_lista ALTER COLUMN id_bl SET DEFAULT nextval('public.czarna_lista_id_bl_seq'::regclass);


--
-- TOC entry 3298 (class 2604 OID 16476)
-- Name: miasta id_zamieszkania; Type: DEFAULT; Schema: public; Owner: mateusz
--

ALTER TABLE ONLY public.miasta ALTER COLUMN id_zamieszkania SET DEFAULT nextval('public.miasta_id_zamieszkania_seq'::regclass);


--
-- TOC entry 3303 (class 2604 OID 16477)
-- Name: uzytkownicy id_user; Type: DEFAULT; Schema: public; Owner: mateusz
--

ALTER TABLE ONLY public.uzytkownicy ALTER COLUMN id_user SET DEFAULT nextval('public.uzytkownicy_id_user_seq'::regclass);


--
-- TOC entry 3308 (class 2604 OID 16478)
-- Name: wypozyczenie id_wypozyczenia; Type: DEFAULT; Schema: public; Owner: mateusz
--

ALTER TABLE ONLY public.wypozyczenie ALTER COLUMN id_wypozyczenia SET DEFAULT nextval('public.wypozyczenie_id_wypozyczenia_seq'::regclass);


--
-- TOC entry 3535 (class 0 OID 16385)
-- Dependencies: 217
-- Data for Name: admin; Type: TABLE DATA; Schema: public; Owner: mateusz
--

COPY public.admin (id_admin, imie, nazwisko, email, password) FROM stdin;
1	MateuszB	Bogacz	admin@adin.pl	pbkdf2_sha256$870000$GfzL9mrdTBueqgOKPWyW2U$qhF+VycPv/oEx0d2nRmeVXS9UtirdhHSoxgnbMber5w=
\.


--
-- TOC entry 3537 (class 0 OID 16392)
-- Dependencies: 219
-- Data for Name: auta; Type: TABLE DATA; Schema: public; Owner: mateusz
--

COPY public.auta (id_auta, marka, model, rocznik, opis, osiagi) FROM stdin;
1	audi	a4	99	deasel	zadowalające100
67	mecredes	w230s	2007	bbbb	nnn
\.


--
-- TOC entry 3567 (class 0 OID 16618)
-- Dependencies: 249
-- Data for Name: auta_zdj; Type: TABLE DATA; Schema: public; Owner: mateusz
--

COPY public.auta_zdj (id_zdj, id_auta, zdj, kolejnosc, created_at) FROM stdin;
104	1	cars/dfd_lvl_1.png	1	2025-03-28 22:56:57.639787
105	1	cars/dfd_lvl_1.png	2	2025-03-28 22:57:01.993361
137	1	cars/dfd_lvl_1.png	3	2025-04-04 16:57:16.633649
170	67	cars/dfd_lvl_1.png	1	2025-04-05 17:29:23.868314
\.


--
-- TOC entry 3539 (class 0 OID 16400)
-- Dependencies: 221
-- Data for Name: auth_group; Type: TABLE DATA; Schema: public; Owner: mateusz
--

COPY public.auth_group (id, name) FROM stdin;
\.


--
-- TOC entry 3541 (class 0 OID 16404)
-- Dependencies: 223
-- Data for Name: auth_group_permissions; Type: TABLE DATA; Schema: public; Owner: mateusz
--

COPY public.auth_group_permissions (id, group_id, permission_id) FROM stdin;
\.


--
-- TOC entry 3543 (class 0 OID 16408)
-- Dependencies: 225
-- Data for Name: auth_permission; Type: TABLE DATA; Schema: public; Owner: mateusz
--

COPY public.auth_permission (id, name, content_type_id, codename) FROM stdin;
1	Can add log entry	1	add_logentry
2	Can change log entry	1	change_logentry
3	Can delete log entry	1	delete_logentry
4	Can view log entry	1	view_logentry
5	Can add permission	2	add_permission
6	Can change permission	2	change_permission
7	Can delete permission	2	delete_permission
8	Can view permission	2	view_permission
9	Can add group	3	add_group
10	Can change group	3	change_group
11	Can delete group	3	delete_group
12	Can view group	3	view_group
13	Can add user	4	add_user
14	Can change user	4	change_user
15	Can delete user	4	delete_user
16	Can view user	4	view_user
17	Can add content type	5	add_contenttype
18	Can change content type	5	change_contenttype
19	Can delete content type	5	delete_contenttype
20	Can view content type	5	view_contenttype
21	Can add session	6	add_session
22	Can change session	6	change_session
23	Can delete session	6	delete_session
24	Can view session	6	view_session
25	Can add admin	7	add_admin
26	Can change admin	7	change_admin
27	Can delete admin	7	delete_admin
28	Can view admin	7	view_admin
29	Can add auta	8	add_auta
30	Can change auta	8	change_auta
31	Can delete auta	8	delete_auta
32	Can view auta	8	view_auta
33	Can add auth group	9	add_authgroup
34	Can change auth group	9	change_authgroup
35	Can delete auth group	9	delete_authgroup
36	Can view auth group	9	view_authgroup
37	Can add auth group permissions	10	add_authgrouppermissions
38	Can change auth group permissions	10	change_authgrouppermissions
39	Can delete auth group permissions	10	delete_authgrouppermissions
40	Can view auth group permissions	10	view_authgrouppermissions
41	Can add auth permission	11	add_authpermission
42	Can change auth permission	11	change_authpermission
43	Can delete auth permission	11	delete_authpermission
44	Can view auth permission	11	view_authpermission
45	Can add auth user	12	add_authuser
46	Can change auth user	12	change_authuser
47	Can delete auth user	12	delete_authuser
48	Can view auth user	12	view_authuser
49	Can add auth user groups	13	add_authusergroups
50	Can change auth user groups	13	change_authusergroups
51	Can delete auth user groups	13	delete_authusergroups
52	Can view auth user groups	13	view_authusergroups
53	Can add auth user user permissions	14	add_authuseruserpermissions
54	Can change auth user user permissions	14	change_authuseruserpermissions
55	Can delete auth user user permissions	14	delete_authuseruserpermissions
56	Can view auth user user permissions	14	view_authuseruserpermissions
57	Can add czarna lista	15	add_czarnalista
58	Can change czarna lista	15	change_czarnalista
59	Can delete czarna lista	15	delete_czarnalista
60	Can view czarna lista	15	view_czarnalista
61	Can add django admin log	16	add_djangoadminlog
62	Can change django admin log	16	change_djangoadminlog
63	Can delete django admin log	16	delete_djangoadminlog
64	Can view django admin log	16	view_djangoadminlog
65	Can add django content type	17	add_djangocontenttype
66	Can change django content type	17	change_djangocontenttype
67	Can delete django content type	17	delete_djangocontenttype
68	Can view django content type	17	view_djangocontenttype
69	Can add django migrations	18	add_djangomigrations
70	Can change django migrations	18	change_djangomigrations
71	Can delete django migrations	18	delete_djangomigrations
72	Can view django migrations	18	view_djangomigrations
73	Can add django session	19	add_djangosession
74	Can change django session	19	change_djangosession
75	Can delete django session	19	delete_djangosession
76	Can view django session	19	view_djangosession
77	Can add miasta	20	add_miasta
78	Can change miasta	20	change_miasta
79	Can delete miasta	20	delete_miasta
80	Can view miasta	20	view_miasta
81	Can add uzytkownicy	21	add_uzytkownicy
82	Can change uzytkownicy	21	change_uzytkownicy
83	Can delete uzytkownicy	21	delete_uzytkownicy
84	Can view uzytkownicy	21	view_uzytkownicy
85	Can add wypozyczenie	22	add_wypozyczenie
86	Can change wypozyczenie	22	change_wypozyczenie
87	Can delete wypozyczenie	22	delete_wypozyczenie
88	Can view wypozyczenie	22	view_wypozyczenie
\.


--
-- TOC entry 3545 (class 0 OID 16412)
-- Dependencies: 227
-- Data for Name: auth_user; Type: TABLE DATA; Schema: public; Owner: mateusz
--

COPY public.auth_user (id, password, last_login, is_superuser, username, first_name, last_name, email, is_staff, is_active, date_joined) FROM stdin;
\.


--
-- TOC entry 3546 (class 0 OID 16417)
-- Dependencies: 228
-- Data for Name: auth_user_groups; Type: TABLE DATA; Schema: public; Owner: mateusz
--

COPY public.auth_user_groups (id, user_id, group_id) FROM stdin;
\.


--
-- TOC entry 3549 (class 0 OID 16422)
-- Dependencies: 231
-- Data for Name: auth_user_user_permissions; Type: TABLE DATA; Schema: public; Owner: mateusz
--

COPY public.auth_user_user_permissions (id, user_id, permission_id) FROM stdin;
\.


--
-- TOC entry 3551 (class 0 OID 16426)
-- Dependencies: 233
-- Data for Name: czarna_lista; Type: TABLE DATA; Schema: public; Owner: mateusz
--

COPY public.czarna_lista (id_bl, id_user, powod, data_poczatkowa, data_koncowa, id_admin) FROM stdin;
1	2	ddd	2025-04-07	2025-04-11	1
\.


--
-- TOC entry 3553 (class 0 OID 16431)
-- Dependencies: 235
-- Data for Name: django_admin_log; Type: TABLE DATA; Schema: public; Owner: mateusz
--

COPY public.django_admin_log (id, action_time, object_id, object_repr, action_flag, change_message, content_type_id, user_id) FROM stdin;
\.


--
-- TOC entry 3555 (class 0 OID 16438)
-- Dependencies: 237
-- Data for Name: django_content_type; Type: TABLE DATA; Schema: public; Owner: mateusz
--

COPY public.django_content_type (id, app_label, model) FROM stdin;
1	admin	logentry
2	auth	permission
3	auth	group
4	auth	user
5	contenttypes	contenttype
6	sessions	session
7	rent_a_car	admin
8	rent_a_car	auta
9	rent_a_car	authgroup
10	rent_a_car	authgrouppermissions
11	rent_a_car	authpermission
12	rent_a_car	authuser
13	rent_a_car	authusergroups
14	rent_a_car	authuseruserpermissions
15	rent_a_car	czarnalista
16	rent_a_car	djangoadminlog
17	rent_a_car	djangocontenttype
18	rent_a_car	djangomigrations
19	rent_a_car	djangosession
20	rent_a_car	miasta
21	rent_a_car	uzytkownicy
22	rent_a_car	wypozyczenie
\.


--
-- TOC entry 3557 (class 0 OID 16442)
-- Dependencies: 239
-- Data for Name: django_migrations; Type: TABLE DATA; Schema: public; Owner: mateusz
--

COPY public.django_migrations (id, app, name, applied) FROM stdin;
1	contenttypes	0001_initial	2025-03-22 20:13:15.404791+00
2	auth	0001_initial	2025-03-22 20:13:15.428949+00
3	admin	0001_initial	2025-03-22 20:13:15.438713+00
4	admin	0002_logentry_remove_auto_add	2025-03-22 20:13:15.443901+00
5	admin	0003_logentry_add_action_flag_choices	2025-03-22 20:13:15.44883+00
6	contenttypes	0002_remove_content_type_name	2025-03-22 20:13:15.461284+00
7	auth	0002_alter_permission_name_max_length	2025-03-22 20:13:15.466774+00
8	auth	0003_alter_user_email_max_length	2025-03-22 20:13:15.471931+00
9	auth	0004_alter_user_username_opts	2025-03-22 20:13:15.476647+00
10	auth	0005_alter_user_last_login_null	2025-03-22 20:13:15.481429+00
11	auth	0006_require_contenttypes_0002	2025-03-22 20:13:15.483109+00
12	auth	0007_alter_validators_add_error_messages	2025-03-22 20:13:15.488175+00
13	auth	0008_alter_user_username_max_length	2025-03-22 20:13:15.493955+00
14	auth	0009_alter_user_last_name_max_length	2025-03-22 20:13:15.498964+00
15	auth	0010_alter_group_name_max_length	2025-03-22 20:13:15.504635+00
16	auth	0011_update_proxy_permissions	2025-03-22 20:13:15.508823+00
17	auth	0012_alter_user_first_name_max_length	2025-03-22 20:13:15.513462+00
18	sessions	0001_initial	2025-03-22 20:13:15.518483+00
19	rent_a_car	0001_initial	2025-03-26 12:25:42.297575+00
\.


--
-- TOC entry 3559 (class 0 OID 16448)
-- Dependencies: 241
-- Data for Name: django_session; Type: TABLE DATA; Schema: public; Owner: mateusz
--

COPY public.django_session (session_key, session_data, expire_date) FROM stdin;
q2xkw4300cr7tsiwewhnfrfjm3f1k8f6	eyJ1c2VyX3R5cGUiOiJhZG1pbiIsInVzZXJfaWQiOjF9:1txqVd:gTt9AWelZmn3sY2DhUlo6_GISttu8PlZLCXNGmOs7rE	2025-04-10 16:55:13.61074+00
07qce8ccjrujlbxjmao63gci1i1r1bep	.eJyrVipJzS2IL0gsLi7PL0pRsgLyi0sMjYyVdJRKi1OL4ksqC1KBookpuZl5MLFMoDrDWgBxFxQ2:1u18Iz:vo1-aIG6oEzvKLKrBFE0xuB8zJfOj2Cs-PE_G6dv6sI	2025-04-19 18:31:45.936883+00
\.


--
-- TOC entry 3560 (class 0 OID 16453)
-- Dependencies: 242
-- Data for Name: miasta; Type: TABLE DATA; Schema: public; Owner: mateusz
--

COPY public.miasta (id_zamieszkania, miasto, ulica, nr_ulicy, kod_pocztowy) FROM stdin;
1	Legnica	Kwiatowa	1/2	55-123
2	Strzegom	Wałbrzyska	3	58-150
\.


--
-- TOC entry 3562 (class 0 OID 16461)
-- Dependencies: 244
-- Data for Name: uzytkownicy; Type: TABLE DATA; Schema: public; Owner: mateusz
--

COPY public.uzytkownicy (id_user, imie, nazwisko, "PESEL", email, haslo, id_zamieszkania) FROM stdin;
2	Paweł	Kruk	11111111111	user@user.pl	pbkdf2_sha256$870000$GZY0qZg6ogd0riOZJIsrMa$uCKIvK32JMzVgaqCYfIIo9VyF8Tb5j9AXsidCSfNAtM=	1
3	Mirek	Hira	00000000000	mirek@mirek.pl	pbkdf2_sha256$870000$NsNL0mBaeKyIA7Xf7CVbB8$QOVwWRz46Z6C8Ro6JtRz1DSVT8GdRUyjJaRoKLf2taw=	2
\.


--
-- TOC entry 3564 (class 0 OID 16469)
-- Dependencies: 246
-- Data for Name: wypozyczenie; Type: TABLE DATA; Schema: public; Owner: mateusz
--

COPY public.wypozyczenie (id_wypozyczenia, data_poczatkowa, data_koncowa, id_auta, id_user) FROM stdin;
1	2025-03-28	2025-03-31	1	2
2	2025-04-04	2025-04-05	1	3
\.


--
-- TOC entry 3580 (class 0 OID 0)
-- Dependencies: 218
-- Name: admin_id_admin_seq; Type: SEQUENCE SET; Schema: public; Owner: mateusz
--

SELECT pg_catalog.setval('public.admin_id_admin_seq', 1, true);


--
-- TOC entry 3581 (class 0 OID 0)
-- Dependencies: 220
-- Name: auta_id_auta_seq; Type: SEQUENCE SET; Schema: public; Owner: mateusz
--

SELECT pg_catalog.setval('public.auta_id_auta_seq', 67, true);


--
-- TOC entry 3582 (class 0 OID 0)
-- Dependencies: 248
-- Name: auta_zdj_id_zdj_seq; Type: SEQUENCE SET; Schema: public; Owner: mateusz
--

SELECT pg_catalog.setval('public.auta_zdj_id_zdj_seq', 170, true);


--
-- TOC entry 3583 (class 0 OID 0)
-- Dependencies: 222
-- Name: auth_group_id_seq; Type: SEQUENCE SET; Schema: public; Owner: mateusz
--

SELECT pg_catalog.setval('public.auth_group_id_seq', 1, false);


--
-- TOC entry 3584 (class 0 OID 0)
-- Dependencies: 224
-- Name: auth_group_permissions_id_seq; Type: SEQUENCE SET; Schema: public; Owner: mateusz
--

SELECT pg_catalog.setval('public.auth_group_permissions_id_seq', 1, false);


--
-- TOC entry 3585 (class 0 OID 0)
-- Dependencies: 226
-- Name: auth_permission_id_seq; Type: SEQUENCE SET; Schema: public; Owner: mateusz
--

SELECT pg_catalog.setval('public.auth_permission_id_seq', 88, true);


--
-- TOC entry 3586 (class 0 OID 0)
-- Dependencies: 229
-- Name: auth_user_groups_id_seq; Type: SEQUENCE SET; Schema: public; Owner: mateusz
--

SELECT pg_catalog.setval('public.auth_user_groups_id_seq', 1, false);


--
-- TOC entry 3587 (class 0 OID 0)
-- Dependencies: 230
-- Name: auth_user_id_seq; Type: SEQUENCE SET; Schema: public; Owner: mateusz
--

SELECT pg_catalog.setval('public.auth_user_id_seq', 1, false);


--
-- TOC entry 3588 (class 0 OID 0)
-- Dependencies: 232
-- Name: auth_user_user_permissions_id_seq; Type: SEQUENCE SET; Schema: public; Owner: mateusz
--

SELECT pg_catalog.setval('public.auth_user_user_permissions_id_seq', 1, false);


--
-- TOC entry 3589 (class 0 OID 0)
-- Dependencies: 234
-- Name: czarna_lista_id_bl_seq; Type: SEQUENCE SET; Schema: public; Owner: mateusz
--

SELECT pg_catalog.setval('public.czarna_lista_id_bl_seq', 1, true);


--
-- TOC entry 3590 (class 0 OID 0)
-- Dependencies: 236
-- Name: django_admin_log_id_seq; Type: SEQUENCE SET; Schema: public; Owner: mateusz
--

SELECT pg_catalog.setval('public.django_admin_log_id_seq', 1, false);


--
-- TOC entry 3591 (class 0 OID 0)
-- Dependencies: 238
-- Name: django_content_type_id_seq; Type: SEQUENCE SET; Schema: public; Owner: mateusz
--

SELECT pg_catalog.setval('public.django_content_type_id_seq', 22, true);


--
-- TOC entry 3592 (class 0 OID 0)
-- Dependencies: 240
-- Name: django_migrations_id_seq; Type: SEQUENCE SET; Schema: public; Owner: mateusz
--

SELECT pg_catalog.setval('public.django_migrations_id_seq', 19, true);


--
-- TOC entry 3593 (class 0 OID 0)
-- Dependencies: 243
-- Name: miasta_id_zamieszkania_seq; Type: SEQUENCE SET; Schema: public; Owner: mateusz
--

SELECT pg_catalog.setval('public.miasta_id_zamieszkania_seq', 3, true);


--
-- TOC entry 3594 (class 0 OID 0)
-- Dependencies: 245
-- Name: uzytkownicy_id_user_seq; Type: SEQUENCE SET; Schema: public; Owner: mateusz
--

SELECT pg_catalog.setval('public.uzytkownicy_id_user_seq', 3, true);


--
-- TOC entry 3595 (class 0 OID 0)
-- Dependencies: 247
-- Name: wypozyczenie_id_wypozyczenia_seq; Type: SEQUENCE SET; Schema: public; Owner: mateusz
--

SELECT pg_catalog.setval('public.wypozyczenie_id_wypozyczenia_seq', 35, true);


--
-- TOC entry 3314 (class 2606 OID 16480)
-- Name: admin admin_pkey; Type: CONSTRAINT; Schema: public; Owner: mateusz
--

ALTER TABLE ONLY public.admin
    ADD CONSTRAINT admin_pkey PRIMARY KEY (id_admin);


--
-- TOC entry 3316 (class 2606 OID 16482)
-- Name: auta auta_pkey; Type: CONSTRAINT; Schema: public; Owner: mateusz
--

ALTER TABLE ONLY public.auta
    ADD CONSTRAINT auta_pkey PRIMARY KEY (id_auta);


--
-- TOC entry 3373 (class 2606 OID 16625)
-- Name: auta_zdj auta_zdj_pkey; Type: CONSTRAINT; Schema: public; Owner: mateusz
--

ALTER TABLE ONLY public.auta_zdj
    ADD CONSTRAINT auta_zdj_pkey PRIMARY KEY (id_zdj);


--
-- TOC entry 3319 (class 2606 OID 16484)
-- Name: auth_group auth_group_name_key; Type: CONSTRAINT; Schema: public; Owner: mateusz
--

ALTER TABLE ONLY public.auth_group
    ADD CONSTRAINT auth_group_name_key UNIQUE (name);


--
-- TOC entry 3324 (class 2606 OID 16486)
-- Name: auth_group_permissions auth_group_permissions_group_id_permission_id_0cd325b0_uniq; Type: CONSTRAINT; Schema: public; Owner: mateusz
--

ALTER TABLE ONLY public.auth_group_permissions
    ADD CONSTRAINT auth_group_permissions_group_id_permission_id_0cd325b0_uniq UNIQUE (group_id, permission_id);


--
-- TOC entry 3327 (class 2606 OID 16488)
-- Name: auth_group_permissions auth_group_permissions_pkey; Type: CONSTRAINT; Schema: public; Owner: mateusz
--

ALTER TABLE ONLY public.auth_group_permissions
    ADD CONSTRAINT auth_group_permissions_pkey PRIMARY KEY (id);


--
-- TOC entry 3321 (class 2606 OID 16490)
-- Name: auth_group auth_group_pkey; Type: CONSTRAINT; Schema: public; Owner: mateusz
--

ALTER TABLE ONLY public.auth_group
    ADD CONSTRAINT auth_group_pkey PRIMARY KEY (id);


--
-- TOC entry 3330 (class 2606 OID 16492)
-- Name: auth_permission auth_permission_content_type_id_codename_01ab375a_uniq; Type: CONSTRAINT; Schema: public; Owner: mateusz
--

ALTER TABLE ONLY public.auth_permission
    ADD CONSTRAINT auth_permission_content_type_id_codename_01ab375a_uniq UNIQUE (content_type_id, codename);


--
-- TOC entry 3332 (class 2606 OID 16494)
-- Name: auth_permission auth_permission_pkey; Type: CONSTRAINT; Schema: public; Owner: mateusz
--

ALTER TABLE ONLY public.auth_permission
    ADD CONSTRAINT auth_permission_pkey PRIMARY KEY (id);


--
-- TOC entry 3340 (class 2606 OID 16496)
-- Name: auth_user_groups auth_user_groups_pkey; Type: CONSTRAINT; Schema: public; Owner: mateusz
--

ALTER TABLE ONLY public.auth_user_groups
    ADD CONSTRAINT auth_user_groups_pkey PRIMARY KEY (id);


--
-- TOC entry 3343 (class 2606 OID 16498)
-- Name: auth_user_groups auth_user_groups_user_id_group_id_94350c0c_uniq; Type: CONSTRAINT; Schema: public; Owner: mateusz
--

ALTER TABLE ONLY public.auth_user_groups
    ADD CONSTRAINT auth_user_groups_user_id_group_id_94350c0c_uniq UNIQUE (user_id, group_id);


--
-- TOC entry 3334 (class 2606 OID 16500)
-- Name: auth_user auth_user_pkey; Type: CONSTRAINT; Schema: public; Owner: mateusz
--

ALTER TABLE ONLY public.auth_user
    ADD CONSTRAINT auth_user_pkey PRIMARY KEY (id);


--
-- TOC entry 3346 (class 2606 OID 16502)
-- Name: auth_user_user_permissions auth_user_user_permissions_pkey; Type: CONSTRAINT; Schema: public; Owner: mateusz
--

ALTER TABLE ONLY public.auth_user_user_permissions
    ADD CONSTRAINT auth_user_user_permissions_pkey PRIMARY KEY (id);


--
-- TOC entry 3349 (class 2606 OID 16504)
-- Name: auth_user_user_permissions auth_user_user_permissions_user_id_permission_id_14a6b632_uniq; Type: CONSTRAINT; Schema: public; Owner: mateusz
--

ALTER TABLE ONLY public.auth_user_user_permissions
    ADD CONSTRAINT auth_user_user_permissions_user_id_permission_id_14a6b632_uniq UNIQUE (user_id, permission_id);


--
-- TOC entry 3337 (class 2606 OID 16506)
-- Name: auth_user auth_user_username_key; Type: CONSTRAINT; Schema: public; Owner: mateusz
--

ALTER TABLE ONLY public.auth_user
    ADD CONSTRAINT auth_user_username_key UNIQUE (username);


--
-- TOC entry 3351 (class 2606 OID 16508)
-- Name: czarna_lista czarna_lista_pkey; Type: CONSTRAINT; Schema: public; Owner: mateusz
--

ALTER TABLE ONLY public.czarna_lista
    ADD CONSTRAINT czarna_lista_pkey PRIMARY KEY (id_bl);


--
-- TOC entry 3354 (class 2606 OID 16510)
-- Name: django_admin_log django_admin_log_pkey; Type: CONSTRAINT; Schema: public; Owner: mateusz
--

ALTER TABLE ONLY public.django_admin_log
    ADD CONSTRAINT django_admin_log_pkey PRIMARY KEY (id);


--
-- TOC entry 3357 (class 2606 OID 16512)
-- Name: django_content_type django_content_type_app_label_model_76bd3d3b_uniq; Type: CONSTRAINT; Schema: public; Owner: mateusz
--

ALTER TABLE ONLY public.django_content_type
    ADD CONSTRAINT django_content_type_app_label_model_76bd3d3b_uniq UNIQUE (app_label, model);


--
-- TOC entry 3359 (class 2606 OID 16514)
-- Name: django_content_type django_content_type_pkey; Type: CONSTRAINT; Schema: public; Owner: mateusz
--

ALTER TABLE ONLY public.django_content_type
    ADD CONSTRAINT django_content_type_pkey PRIMARY KEY (id);


--
-- TOC entry 3361 (class 2606 OID 16516)
-- Name: django_migrations django_migrations_pkey; Type: CONSTRAINT; Schema: public; Owner: mateusz
--

ALTER TABLE ONLY public.django_migrations
    ADD CONSTRAINT django_migrations_pkey PRIMARY KEY (id);


--
-- TOC entry 3364 (class 2606 OID 16518)
-- Name: django_session django_session_pkey; Type: CONSTRAINT; Schema: public; Owner: mateusz
--

ALTER TABLE ONLY public.django_session
    ADD CONSTRAINT django_session_pkey PRIMARY KEY (session_key);


--
-- TOC entry 3367 (class 2606 OID 16520)
-- Name: miasta miasta_pkey; Type: CONSTRAINT; Schema: public; Owner: mateusz
--

ALTER TABLE ONLY public.miasta
    ADD CONSTRAINT miasta_pkey PRIMARY KEY (id_zamieszkania);


--
-- TOC entry 3369 (class 2606 OID 16522)
-- Name: uzytkownicy uzytkownicy_pkey; Type: CONSTRAINT; Schema: public; Owner: mateusz
--

ALTER TABLE ONLY public.uzytkownicy
    ADD CONSTRAINT uzytkownicy_pkey PRIMARY KEY (id_user);


--
-- TOC entry 3371 (class 2606 OID 16524)
-- Name: wypozyczenie wypozyczenie_pkey; Type: CONSTRAINT; Schema: public; Owner: mateusz
--

ALTER TABLE ONLY public.wypozyczenie
    ADD CONSTRAINT wypozyczenie_pkey PRIMARY KEY (id_wypozyczenia);


--
-- TOC entry 3317 (class 1259 OID 16525)
-- Name: auth_group_name_a6ea08ec_like; Type: INDEX; Schema: public; Owner: mateusz
--

CREATE INDEX auth_group_name_a6ea08ec_like ON public.auth_group USING btree (name varchar_pattern_ops);


--
-- TOC entry 3322 (class 1259 OID 16526)
-- Name: auth_group_permissions_group_id_b120cbf9; Type: INDEX; Schema: public; Owner: mateusz
--

CREATE INDEX auth_group_permissions_group_id_b120cbf9 ON public.auth_group_permissions USING btree (group_id);


--
-- TOC entry 3325 (class 1259 OID 16527)
-- Name: auth_group_permissions_permission_id_84c5c92e; Type: INDEX; Schema: public; Owner: mateusz
--

CREATE INDEX auth_group_permissions_permission_id_84c5c92e ON public.auth_group_permissions USING btree (permission_id);


--
-- TOC entry 3328 (class 1259 OID 16528)
-- Name: auth_permission_content_type_id_2f476e4b; Type: INDEX; Schema: public; Owner: mateusz
--

CREATE INDEX auth_permission_content_type_id_2f476e4b ON public.auth_permission USING btree (content_type_id);


--
-- TOC entry 3338 (class 1259 OID 16529)
-- Name: auth_user_groups_group_id_97559544; Type: INDEX; Schema: public; Owner: mateusz
--

CREATE INDEX auth_user_groups_group_id_97559544 ON public.auth_user_groups USING btree (group_id);


--
-- TOC entry 3341 (class 1259 OID 16530)
-- Name: auth_user_groups_user_id_6a12ed8b; Type: INDEX; Schema: public; Owner: mateusz
--

CREATE INDEX auth_user_groups_user_id_6a12ed8b ON public.auth_user_groups USING btree (user_id);


--
-- TOC entry 3344 (class 1259 OID 16531)
-- Name: auth_user_user_permissions_permission_id_1fbb5f2c; Type: INDEX; Schema: public; Owner: mateusz
--

CREATE INDEX auth_user_user_permissions_permission_id_1fbb5f2c ON public.auth_user_user_permissions USING btree (permission_id);


--
-- TOC entry 3347 (class 1259 OID 16532)
-- Name: auth_user_user_permissions_user_id_a95ead1b; Type: INDEX; Schema: public; Owner: mateusz
--

CREATE INDEX auth_user_user_permissions_user_id_a95ead1b ON public.auth_user_user_permissions USING btree (user_id);


--
-- TOC entry 3335 (class 1259 OID 16533)
-- Name: auth_user_username_6821ab7c_like; Type: INDEX; Schema: public; Owner: mateusz
--

CREATE INDEX auth_user_username_6821ab7c_like ON public.auth_user USING btree (username varchar_pattern_ops);


--
-- TOC entry 3352 (class 1259 OID 16534)
-- Name: django_admin_log_content_type_id_c4bce8eb; Type: INDEX; Schema: public; Owner: mateusz
--

CREATE INDEX django_admin_log_content_type_id_c4bce8eb ON public.django_admin_log USING btree (content_type_id);


--
-- TOC entry 3355 (class 1259 OID 16535)
-- Name: django_admin_log_user_id_c564eba6; Type: INDEX; Schema: public; Owner: mateusz
--

CREATE INDEX django_admin_log_user_id_c564eba6 ON public.django_admin_log USING btree (user_id);


--
-- TOC entry 3362 (class 1259 OID 16536)
-- Name: django_session_expire_date_a5c62663; Type: INDEX; Schema: public; Owner: mateusz
--

CREATE INDEX django_session_expire_date_a5c62663 ON public.django_session USING btree (expire_date);


--
-- TOC entry 3365 (class 1259 OID 16537)
-- Name: django_session_session_key_c0390e0f_like; Type: INDEX; Schema: public; Owner: mateusz
--

CREATE INDEX django_session_session_key_c0390e0f_like ON public.django_session USING btree (session_key varchar_pattern_ops);


--
-- TOC entry 3374 (class 1259 OID 16631)
-- Name: idx_auto_zdjecia_id_auta; Type: INDEX; Schema: public; Owner: mateusz
--

CREATE INDEX idx_auto_zdjecia_id_auta ON public.auta_zdj USING btree (id_auta);


--
-- TOC entry 3389 (class 2606 OID 16626)
-- Name: auta_zdj auta_zdj_id_auta_fkey; Type: FK CONSTRAINT; Schema: public; Owner: mateusz
--

ALTER TABLE ONLY public.auta_zdj
    ADD CONSTRAINT auta_zdj_id_auta_fkey FOREIGN KEY (id_auta) REFERENCES public.auta(id_auta) ON DELETE CASCADE;


--
-- TOC entry 3375 (class 2606 OID 16538)
-- Name: auth_group_permissions auth_group_permissio_permission_id_84c5c92e_fk_auth_perm; Type: FK CONSTRAINT; Schema: public; Owner: mateusz
--

ALTER TABLE ONLY public.auth_group_permissions
    ADD CONSTRAINT auth_group_permissio_permission_id_84c5c92e_fk_auth_perm FOREIGN KEY (permission_id) REFERENCES public.auth_permission(id) DEFERRABLE INITIALLY DEFERRED;


--
-- TOC entry 3376 (class 2606 OID 16543)
-- Name: auth_group_permissions auth_group_permissions_group_id_b120cbf9_fk_auth_group_id; Type: FK CONSTRAINT; Schema: public; Owner: mateusz
--

ALTER TABLE ONLY public.auth_group_permissions
    ADD CONSTRAINT auth_group_permissions_group_id_b120cbf9_fk_auth_group_id FOREIGN KEY (group_id) REFERENCES public.auth_group(id) DEFERRABLE INITIALLY DEFERRED;


--
-- TOC entry 3377 (class 2606 OID 16548)
-- Name: auth_permission auth_permission_content_type_id_2f476e4b_fk_django_co; Type: FK CONSTRAINT; Schema: public; Owner: mateusz
--

ALTER TABLE ONLY public.auth_permission
    ADD CONSTRAINT auth_permission_content_type_id_2f476e4b_fk_django_co FOREIGN KEY (content_type_id) REFERENCES public.django_content_type(id) DEFERRABLE INITIALLY DEFERRED;


--
-- TOC entry 3378 (class 2606 OID 16553)
-- Name: auth_user_groups auth_user_groups_group_id_97559544_fk_auth_group_id; Type: FK CONSTRAINT; Schema: public; Owner: mateusz
--

ALTER TABLE ONLY public.auth_user_groups
    ADD CONSTRAINT auth_user_groups_group_id_97559544_fk_auth_group_id FOREIGN KEY (group_id) REFERENCES public.auth_group(id) DEFERRABLE INITIALLY DEFERRED;


--
-- TOC entry 3379 (class 2606 OID 16558)
-- Name: auth_user_groups auth_user_groups_user_id_6a12ed8b_fk_auth_user_id; Type: FK CONSTRAINT; Schema: public; Owner: mateusz
--

ALTER TABLE ONLY public.auth_user_groups
    ADD CONSTRAINT auth_user_groups_user_id_6a12ed8b_fk_auth_user_id FOREIGN KEY (user_id) REFERENCES public.auth_user(id) DEFERRABLE INITIALLY DEFERRED;


--
-- TOC entry 3380 (class 2606 OID 16563)
-- Name: auth_user_user_permissions auth_user_user_permi_permission_id_1fbb5f2c_fk_auth_perm; Type: FK CONSTRAINT; Schema: public; Owner: mateusz
--

ALTER TABLE ONLY public.auth_user_user_permissions
    ADD CONSTRAINT auth_user_user_permi_permission_id_1fbb5f2c_fk_auth_perm FOREIGN KEY (permission_id) REFERENCES public.auth_permission(id) DEFERRABLE INITIALLY DEFERRED;


--
-- TOC entry 3381 (class 2606 OID 16568)
-- Name: auth_user_user_permissions auth_user_user_permissions_user_id_a95ead1b_fk_auth_user_id; Type: FK CONSTRAINT; Schema: public; Owner: mateusz
--

ALTER TABLE ONLY public.auth_user_user_permissions
    ADD CONSTRAINT auth_user_user_permissions_user_id_a95ead1b_fk_auth_user_id FOREIGN KEY (user_id) REFERENCES public.auth_user(id) DEFERRABLE INITIALLY DEFERRED;


--
-- TOC entry 3384 (class 2606 OID 16573)
-- Name: django_admin_log django_admin_log_content_type_id_c4bce8eb_fk_django_co; Type: FK CONSTRAINT; Schema: public; Owner: mateusz
--

ALTER TABLE ONLY public.django_admin_log
    ADD CONSTRAINT django_admin_log_content_type_id_c4bce8eb_fk_django_co FOREIGN KEY (content_type_id) REFERENCES public.django_content_type(id) DEFERRABLE INITIALLY DEFERRED;


--
-- TOC entry 3385 (class 2606 OID 16578)
-- Name: django_admin_log django_admin_log_user_id_c564eba6_fk_auth_user_id; Type: FK CONSTRAINT; Schema: public; Owner: mateusz
--

ALTER TABLE ONLY public.django_admin_log
    ADD CONSTRAINT django_admin_log_user_id_c564eba6_fk_auth_user_id FOREIGN KEY (user_id) REFERENCES public.auth_user(id) DEFERRABLE INITIALLY DEFERRED;


--
-- TOC entry 3382 (class 2606 OID 16583)
-- Name: czarna_lista fk_admin_blacklist; Type: FK CONSTRAINT; Schema: public; Owner: mateusz
--

ALTER TABLE ONLY public.czarna_lista
    ADD CONSTRAINT fk_admin_blacklist FOREIGN KEY (id_admin) REFERENCES public.admin(id_admin) ON DELETE SET NULL;


--
-- TOC entry 3387 (class 2606 OID 16588)
-- Name: wypozyczenie fk_auto; Type: FK CONSTRAINT; Schema: public; Owner: mateusz
--

ALTER TABLE ONLY public.wypozyczenie
    ADD CONSTRAINT fk_auto FOREIGN KEY (id_auta) REFERENCES public.auta(id_auta) ON DELETE CASCADE;


--
-- TOC entry 3386 (class 2606 OID 16593)
-- Name: uzytkownicy fk_miasta; Type: FK CONSTRAINT; Schema: public; Owner: mateusz
--

ALTER TABLE ONLY public.uzytkownicy
    ADD CONSTRAINT fk_miasta FOREIGN KEY (id_zamieszkania) REFERENCES public.miasta(id_zamieszkania) ON DELETE CASCADE;


--
-- TOC entry 3383 (class 2606 OID 16598)
-- Name: czarna_lista fk_user_blacklist; Type: FK CONSTRAINT; Schema: public; Owner: mateusz
--

ALTER TABLE ONLY public.czarna_lista
    ADD CONSTRAINT fk_user_blacklist FOREIGN KEY (id_user) REFERENCES public.uzytkownicy(id_user) ON DELETE CASCADE;


--
-- TOC entry 3388 (class 2606 OID 16603)
-- Name: wypozyczenie fk_uzytkownik; Type: FK CONSTRAINT; Schema: public; Owner: mateusz
--

ALTER TABLE ONLY public.wypozyczenie
    ADD CONSTRAINT fk_uzytkownik FOREIGN KEY (id_user) REFERENCES public.uzytkownicy(id_user) ON DELETE CASCADE;


-- Completed on 2025-04-05 21:20:23

--
-- PostgreSQL database dump complete
--

